id,first_name,last_name,email,gender
1,Gil,Heffernon,gheffernon0@github.com,Male
2,Phyllys,Ottley,pottley1@irs.gov,Female
3,Morissa,Sunner,msunner2@sitemeter.com,Female
4,Adaline,Reinger,areinger3@livejournal.com,Female
5,Artie,Lathleiff,alathleiff4@google.co.uk,Male
6,Tuck,Slade,tslade5@ox.ac.uk,Male
7,Diarmid,Beeston,dbeeston6@virginia.edu,Male
8,Carly,Temlett,ctemlett7@google.de,Male
9,Lorette,Meehan,lmeehan8@spotify.com,Female
10,Faye,Taks,ftaks9@furl.net,Female
11,Wang,Sidnall,wsidnalla@kickstarter.com,Male
12,Zerk,Vosse,zvosseb@loc.gov,Male
13,Rafael,Greggersen,rgreggersenc@flickr.com,Male
14,Cully,Burdge,cburdged@goodreads.com,Male
15,Claudette,MacParlan,cmacparlane@senate.gov,Non-binary
16,Gardener,Stonman,gstonmanf@techcrunch.com,Bigender
17,Mannie,Catchpole,mcatchpoleg@hao123.com,Male
18,Hyman,Orable,horableh@macromedia.com,Male
19,Anderson,Brosh,abroshi@etsy.com,Male
20,Obediah,Skewes,oskewesj@tinyurl.com,Male
